Geography,Timeframe,"Current Year Week Ending",Type,"ASP Current Year","Total Bulk and Bags Units","4046 Units","4225 Units","4770 Units","TotalBagged Units","SmlBagged Units","LrgBagged Units","X-LrgBagged Units","Bulk GTIN"
Albany,Weekly,"2021-01-24 00:00:00",Conventional,0.920000000,195366.56,9431.34,155635.75,55.13,24875.84,22183.00,1389.51,1303.33,5368.50
Albany,Weekly,"2021-01-17 00:00:00",Conventional,1.230000000,154882.52,7332.18,112080.95,37.59,28240.27,23958.98,1147.96,3133.33,7191.53
Albany,Weekly,"2021-01-10 00:00:00",Conventional,1.200000000,156964.48,7668.53,112416.37,33.00,31279.04,27447.12,918.59,2913.33,5567.54
Albany,Weekly,"2021-01-04 00:00:00",Conventional,0.850000000,183736.86,7960.17,149597.06,84.41,20523.93,16700.07,1037.19,2786.67,5571.29
Atlanta,Weekly,"2021-01-24 00:00:00",Conventional,0.800000000,885676.32,346275.38,39111.46,50.54,208042.37,205987.30,1991.74,63.33,292196.57
Atlanta,Weekly,"2021-01-17 00:00:00",Conventional,0.810000000,910589.42,353365.17,34122.48,41.86,211875.84,208563.89,3288.62,23.33,311184.07
Atlanta,Weekly,"2021-01-10 00:00:00",Conventional,0.810000000,891750.56,350203.19,44200.96,31.40,184598.46,180392.14,4169.65,36.67,312716.55
Atlanta,Weekly,"2021-01-04 00:00:00",Conventional,0.770000000,863924.39,339750.67,50361.11,90.12,174050.18,171857.45,2152.73,40.00,299672.31
Baltimore/Washington,Weekly,"2021-01-24 00:00:00",Conventional,1.070000000,1199319.36,248340.88,318964.97,4845.39,458234.21,369673.57,67997.31,20563.33,168933.91
Baltimore/Washington,Weekly,"2021-01-17 00:00:00",Conventional,1.070000000,1215946.65,284623.73,366965.85,3793.00,456325.24,347758.51,89343.40,19223.33,104238.83
Baltimore/Washington,Weekly,"2021-01-10 00:00:00",Conventional,1.120000000,1086254.98,206455.65,309588.35,3353.95,458310.92,363654.04,76400.22,18256.66,108546.11
Baltimore/Washington,Weekly,"2021-01-04 00:00:00",Conventional,0.940000000,1148720.46,244350.06,306121.25,3905.09,495777.00,307722.83,169324.17,18730.00,98567.06
Boise,Weekly,"2021-01-24 00:00:00",Conventional,0.870000000,167096.14,39896.97,10935.14,1028.66,32932.49,21405.86,11516.63,10.00,82302.88
Boise,Weekly,"2021-01-17 00:00:00",Conventional,0.940000000,156419.53,33220.61,12268.63,1126.84,35548.70,20918.23,14620.47,10.00,74254.75
Boise,Weekly,"2021-01-10 00:00:00",Conventional,0.950000000,155014.98,41229.01,12834.69,1297.41,38425.57,23956.30,14469.27,0.00,61228.30
Boise,Weekly,"2021-01-04 00:00:00",Conventional,0.810000000,167339.56,41349.05,16139.39,1292.01,34234.06,21524.28,12691.87,17.91,74325.05
Boston,Weekly,"2021-01-24 00:00:00",Conventional,1.180000000,922708.08,18640.04,496362.87,122.98,264939.72,257393.16,1323.23,6223.33,142642.47
Boston,Weekly,"2021-01-17 00:00:00",Conventional,1.160000000,1003666.71,19927.92,461746.93,153.91,374864.67,345685.96,23492.04,5686.67,146973.28
Boston,Weekly,"2021-01-10 00:00:00",Conventional,1.210000000,883096.80,18305.03,435289.24,114.46,232941.82,219853.91,6954.58,6133.33,196446.25
Boston,Weekly,"2021-01-04 00:00:00",Conventional,1.140000000,790638.79,15877.34,433198.20,205.55,212077.70,198535.73,8861.97,4680.00,129280.00
Buffalo/Rochester,Weekly,"2021-01-24 00:00:00",Conventional,0.930000000,254521.46,38997.30,67964.70,2521.93,139528.53,127503.60,9504.93,2520.00,5509.00
Buffalo/Rochester,Weekly,"2021-01-17 00:00:00",Conventional,0.980000000,257790.78,28947.28,67567.90,3007.66,152222.89,105950.37,40735.85,5536.67,6045.05
Buffalo/Rochester,Weekly,"2021-01-10 00:00:00",Conventional,0.960000000,245920.96,24783.48,69058.31,2856.75,144606.92,118261.13,21255.79,5090.00,4615.50
Buffalo/Rochester,Weekly,"2021-01-04 00:00:00",Conventional,0.950000000,224480.30,33473.77,66524.94,1989.09,118215.36,79839.70,33635.66,4740.00,4277.14
California,Weekly,"2021-01-24 00:00:00",Conventional,1.130000000,7538838.49,1735687.86,961556.25,226309.08,1482205.41,1216208.23,210550.62,55446.56,3133079.89
California,Weekly,"2021-01-17 00:00:00",Conventional,1.160000000,7437526.02,1819481.06,906584.27,241462.16,1490337.59,1198437.76,226128.05,65771.78,2979660.94
California,Weekly,"2021-01-10 00:00:00",Conventional,1.080000000,7974020.28,1956112.26,835362.80,232107.97,1460548.30,1214730.86,165623.61,80193.83,3489888.95
California,Weekly,"2021-01-04 00:00:00",Conventional,0.950000000,8330243.54,2202669.14,943923.74,289031.24,1273146.51,1080473.44,135837.40,56835.67,3621472.91
Charlotte,Weekly,"2021-01-24 00:00:00",Conventional,0.960000000,411130.69,176752.33,62683.70,5931.99,132402.72,111768.23,20597.82,36.67,33359.95
Charlotte,Weekly,"2021-01-17 00:00:00",Conventional,1.020000000,384563.27,144499.93,57729.45,4291.57,145337.28,121181.53,24125.75,30.00,32705.04
Charlotte,Weekly,"2021-01-10 00:00:00",Conventional,0.900000000,421160.28,163266.73,53458.30,4244.29,166585.35,141260.02,25288.66,36.67,33605.61
Charlotte,Weekly,"2021-01-04 00:00:00",Conventional,0.910000000,445868.47,165208.69,57001.73,4650.42,189496.84,163631.87,25844.97,20.00,29510.79
Chicago,Weekly,"2021-01-24 00:00:00",Conventional,0.980000000,1232363.64,139874.27,234285.03,41675.23,218103.68,215386.04,2704.31,13.33,598425.43
Chicago,Weekly,"2021-01-17 00:00:00",Conventional,1.090000000,1207411.23,119681.68,232693.00,46090.29,229439.37,226324.43,3098.27,16.67,579506.89
Chicago,Weekly,"2021-01-10 00:00:00",Conventional,1.190000000,957778.41,145242.97,138894.89,49350.50,229431.62,226750.98,2663.98,16.66,394858.43
Chicago,Weekly,"2021-01-04 00:00:00",Conventional,1.070000000,1010514.74,113620.98,191053.37,42629.30,208596.22,206021.64,2561.25,13.33,454614.87
Cincinnati/Dayton,Weekly,"2021-01-24 00:00:00",Conventional,0.820000000,365491.65,52593.61,84925.22,2113.66,31325.58,31314.47,11.11,0.00,194533.58
Cincinnati/Dayton,Weekly,"2021-01-17 00:00:00",Conventional,0.860000000,412329.49,59904.42,86947.75,3434.99,33830.24,33812.46,11.11,6.67,228212.09
Cincinnati/Dayton,Weekly,"2021-01-10 00:00:00",Conventional,0.850000000,381919.75,67596.31,60985.68,4005.51,38173.82,38149.38,11.11,13.33,211158.43
Cincinnati/Dayton,Weekly,"2021-01-04 00:00:00",Conventional,0.740000000,404789.04,62126.92,76192.36,4978.67,29339.95,29334.39,5.56,0.00,232151.14
Columbus,Weekly,"2021-01-24 00:00:00",Conventional,0.830000000,297889.18,52227.23,61236.54,486.00,45408.90,45327.79,77.78,3.33,138530.51
Columbus,Weekly,"2021-01-17 00:00:00",Conventional,0.780000000,323633.02,59509.95,63131.05,445.51,45007.80,44724.47,283.33,0.00,155538.71
Columbus,Weekly,"2021-01-10 00:00:00",Conventional,0.840000000,279578.70,56866.95,41813.11,445.67,52125.39,51855.39,266.67,3.33,128327.58
Columbus,Weekly,"2021-01-04 00:00:00",Conventional,0.740000000,322982.07,54032.69,59556.90,612.24,38595.00,38551.67,33.33,10.00,170185.24
"Dallas/Ft. Worth",Weekly,"2021-01-24 00:00:00",Conventional,0.640000000,1823394.16,597474.45,203532.54,12607.82,482690.16,407274.08,74942.75,473.33,527089.19
"Dallas/Ft. Worth",Weekly,"2021-01-17 00:00:00",Conventional,0.650000000,1744345.64,647182.45,169772.71,17419.25,483323.69,393432.89,89420.80,470.00,426647.54
"Dallas/Ft. Worth",Weekly,"2021-01-10 00:00:00",Conventional,0.630000000,1937631.12,630898.04,217442.73,12462.20,585993.41,407867.76,177552.32,573.33,490834.74
"Dallas/Ft. Worth",Weekly,"2021-01-04 00:00:00",Conventional,0.610000000,1812802.10,541713.93,296703.52,26858.93,494960.75,339149.39,155448.03,363.33,452564.97
Denver,Weekly,"2021-01-24 00:00:00",Conventional,0.880000000,1153699.94,204753.57,118282.92,3193.33,283914.56,258924.59,24963.30,26.67,543555.56
Denver,Weekly,"2021-01-17 00:00:00",Conventional,0.840000000,1322562.41,213339.31,142384.13,2445.50,253470.36,232865.84,20564.52,40.00,710923.11
Denver,Weekly,"2021-01-10 00:00:00",Conventional,0.900000000,1219088.75,184780.28,139553.06,3041.93,300529.53,263527.56,36961.97,40.00,591183.95
Denver,Weekly,"2021-01-04 00:00:00",Conventional,0.790000000,1216868.36,215979.19,150990.28,2864.09,238164.40,217280.98,20828.84,54.58,608870.40
Detroit,Weekly,"2021-01-24 00:00:00",Conventional,0.860000000,723473.84,92803.17,120429.43,139882.94,98467.34,97997.34,466.67,3.33,271890.96
Detroit,Weekly,"2021-01-17 00:00:00",Conventional,0.840000000,741473.68,100087.15,122500.91,158096.18,100865.91,100298.13,561.11,6.67,259923.53
Detroit,Weekly,"2021-01-10 00:00:00",Conventional,0.910000000,571747.36,95185.90,69641.28,58857.93,129777.29,128449.51,1321.11,6.67,218284.96
Detroit,Weekly,"2021-01-04 00:00:00",Conventional,0.750000000,714372.32,92243.75,111173.01,123047.87,100549.73,99603.63,942.77,3.33,287357.96
"Grand Rapids",Weekly,"2021-01-24 00:00:00",Conventional,0.970000000,305316.09,17274.87,78460.30,142341.17,38764.58,38466.81,294.44,3.33,28475.17
"Grand Rapids",Weekly,"2021-01-17 00:00:00",Conventional,0.950000000,340532.04,19929.63,97205.96,155198.63,39185.17,38857.39,327.78,0.00,29012.65
"Grand Rapids",Weekly,"2021-01-10 00:00:00",Conventional,1.260000000,225681.97,18434.70,55007.16,68776.00,61813.68,61474.79,338.89,0.00,21650.43
"Grand Rapids",Weekly,"2021-01-04 00:00:00",Conventional,0.830000000,326681.52,23905.47,93678.44,130951.96,47444.58,47346.81,94.44,3.33,30701.07
"Great Lakes",Weekly,"2021-01-24 00:00:00",Conventional,0.880000000,5782228.00,829916.89,1254292.99,567923.78,933417.04,907935.14,25157.13,324.77,2196677.30
"Great Lakes",Weekly,"2021-01-17 00:00:00",Conventional,0.880000000,6152626.60,884765.00,1324557.16,636802.64,994537.89,963693.16,30427.51,417.22,2311963.91
"Great Lakes",Weekly,"2021-01-10 00:00:00",Conventional,0.950000000,5050148.07,887388.13,880506.98,289185.58,1120814.56,1091903.10,28417.57,493.89,1872252.82
"Great Lakes",Weekly,"2021-01-04 00:00:00",Conventional,0.820000000,5695256.73,845238.60,1180793.41,518673.31,913118.84,890325.00,22489.95,303.89,2237432.57
Harrisburg/Scranton,Weekly,"2021-01-24 00:00:00",Conventional,0.940000000,473204.10,166179.70,123804.34,182.53,170796.94,154488.57,5798.37,10510.00,12240.59
Harrisburg/Scranton,Weekly,"2021-01-17 00:00:00",Conventional,0.960000000,470758.15,172091.88,119351.78,117.69,169881.38,153805.38,3119.33,12956.67,9315.42
Harrisburg/Scranton,Weekly,"2021-01-10 00:00:00",Conventional,0.980000000,430838.94,159887.47,112964.77,74.17,146743.36,134934.82,2125.21,9683.33,11169.17
Harrisburg/Scranton,Weekly,"2021-01-04 00:00:00",Conventional,0.980000000,413476.67,161733.81,110781.00,98.40,131005.23,118916.92,2398.31,9690.00,9858.23
Hartford/Springfield,Weekly,"2021-01-24 00:00:00",Conventional,1.070000000,520736.13,12598.62,392555.53,169.87,112320.75,100188.23,5855.85,6276.67,3091.36
Hartford/Springfield,Weekly,"2021-01-17 00:00:00",Conventional,1.170000000,462008.83,11957.75,332366.66,174.06,112570.56,97448.86,10335.03,4786.67,4939.80
Hartford/Springfield,Weekly,"2021-01-10 00:00:00",Conventional,1.220000000,441587.51,11388.52,316844.33,236.51,105518.25,89809.08,10235.84,5473.33,7599.90
Hartford/Springfield,Weekly,"2021-01-04 00:00:00",Conventional,1.070000000,442462.01,10584.57,331444.00,378.23,93406.77,80091.41,9428.69,3886.67,6648.44
Houston,Weekly,"2021-01-24 00:00:00",Conventional,0.640000000,1733687.29,531226.35,306310.10,2847.37,237253.57,196607.60,22562.63,18083.34,656049.90
Houston,Weekly,"2021-01-17 00:00:00",Conventional,0.730000000,1400342.76,519672.24,218958.97,2536.51,246897.08,205342.08,20628.34,20926.66,412277.96
Houston,Weekly,"2021-01-10 00:00:00",Conventional,0.650000000,1649296.68,537171.44,297728.00,3557.47,300345.03,210592.55,73199.14,16553.34,510494.74
Houston,Weekly,"2021-01-04 00:00:00",Conventional,0.600000000,1701262.30,501816.98,429487.35,2845.45,259129.12,180168.89,69193.56,9766.67,507983.40
Indianapolis,Weekly,"2021-01-24 00:00:00",Conventional,0.800000000,319506.73,56714.96,93259.65,1234.49,61610.90,61423.12,177.78,10.00,106686.73
Indianapolis,Weekly,"2021-01-17 00:00:00",Conventional,0.800000000,349313.28,57047.90,100800.33,2032.60,67956.90,67831.34,88.89,36.67,121475.55
Indianapolis,Weekly,"2021-01-10 00:00:00",Conventional,0.800000000,300834.73,60240.08,69424.11,2547.89,69078.06,69026.12,35.27,16.67,99544.59
Indianapolis,Weekly,"2021-01-04 00:00:00",Conventional,0.720000000,318474.93,55445.10,82164.77,2646.12,59586.91,59429.69,130.55,26.67,118632.03
Jacksonville,Weekly,"2021-01-24 00:00:00",Conventional,0.860000000,272293.80,122951.79,11255.45,129.34,67218.35,39028.61,26871.41,1318.33,70738.87
Jacksonville,Weekly,"2021-01-17 00:00:00",Conventional,0.820000000,259224.71,98550.62,10968.18,84.24,80915.29,43546.00,27600.96,9768.33,68706.38
Jacksonville,Weekly,"2021-01-10 00:00:00",Conventional,0.830000000,257852.04,116427.07,9330.12,97.37,69468.93,39939.97,26707.29,2821.67,62528.55
Jacksonville,Weekly,"2021-01-04 00:00:00",Conventional,0.750000000,265445.51,116151.73,14339.79,61.15,64922.93,34136.51,22701.42,8085.00,69969.91
"Las Vegas",Weekly,"2021-01-24 00:00:00",Conventional,0.800000000,484980.64,70081.37,43807.54,906.19,142233.64,96625.03,45581.94,26.67,227951.90
"Las Vegas",Weekly,"2021-01-17 00:00:00",Conventional,0.870000000,426454.58,58381.07,32278.61,78.57,148927.97,110465.61,38445.69,16.67,186788.36
"Las Vegas",Weekly,"2021-01-10 00:00:00",Conventional,0.800000000,469755.12,70606.35,39640.49,64.82,153993.44,117563.02,36388.89,41.53,205450.02
"Las Vegas",Weekly,"2021-01-04 00:00:00",Conventional,0.690000000,518401.52,62120.94,58350.62,302.09,126774.14,97985.94,28684.03,104.17,270853.73
"Los Angeles",Weekly,"2021-01-24 00:00:00",Conventional,1.090000000,3570572.38,844438.70,71884.14,175493.28,703544.93,500572.65,158134.74,44837.54,1775211.33
"Los Angeles",Weekly,"2021-01-17 00:00:00",Conventional,1.090000000,3655111.89,909254.11,67110.56,189870.70,737874.60,515249.85,169559.30,53065.45,1751001.92
"Los Angeles",Weekly,"2021-01-10 00:00:00",Conventional,1.120000000,3627630.50,907227.84,70384.26,178972.15,748331.90,566457.37,115525.70,66348.83,1722714.35
"Los Angeles",Weekly,"2021-01-04 00:00:00",Conventional,0.870000000,4113373.54,1101283.09,85458.38,221677.97,617855.48,473346.92,99667.36,44841.20,2087098.62
Louisville,Weekly,"2021-01-24 00:00:00",Conventional,0.840000000,169022.98,26124.85,31163.80,42.88,31198.72,29746.50,83.33,1368.89,80492.73
Louisville,Weekly,"2021-01-17 00:00:00",Conventional,0.890000000,148954.65,24514.71,23073.43,45.76,40322.54,35193.10,111.11,5018.33,60998.21
Louisville,Weekly,"2021-01-10 00:00:00",Conventional,0.870000000,152206.34,28899.17,18009.29,46.89,38866.19,34037.86,33.33,4795.00,66384.80
Louisville,Weekly,"2021-01-04 00:00:00",Conventional,0.820000000,162705.26,26292.81,27778.63,71.26,31706.46,27716.46,44.44,3945.56,76856.10
"Miami/Ft. Lauderdale",Weekly,"2021-01-24 00:00:00",Conventional,0.840000000,1238826.82,590204.02,47214.92,89.63,291008.86,217415.77,73306.42,286.67,310309.39
"Miami/Ft. Lauderdale",Weekly,"2021-01-17 00:00:00",Conventional,0.830000000,1211053.08,563929.75,46294.05,122.78,294770.64,216628.04,74149.83,3992.77,305935.86
"Miami/Ft. Lauderdale",Weekly,"2021-01-10 00:00:00",Conventional,0.840000000,1145085.12,527933.12,41841.66,124.54,275455.80,215883.26,58209.21,1363.33,299730.00
"Miami/Ft. Lauderdale",Weekly,"2021-01-04 00:00:00",Conventional,0.760000000,1113009.83,534674.70,54952.13,100.90,237688.72,176170.66,57879.17,3638.89,285593.38
Midsouth,Weekly,"2021-01-24 00:00:00",Conventional,0.910000000,5080604.24,1609174.28,908159.81,23133.93,1465665.13,1186302.59,221793.65,57568.89,1074471.09
Midsouth,Weekly,"2021-01-17 00:00:00",Conventional,0.950000000,4898030.40,1496967.31,902333.77,17166.51,1590296.23,1237165.58,262655.65,90475.00,891266.58
Midsouth,Weekly,"2021-01-10 00:00:00",Conventional,0.910000000,4928218.58,1505105.92,820871.13,16301.48,1615935.37,1276009.33,250153.26,89772.78,970004.68
Midsouth,Weekly,"2021-01-04 00:00:00",Conventional,0.850000000,5026216.53,1562243.94,871984.66,18933.87,1629870.25,1185873.90,363681.91,80314.44,943183.81
Nashville,Weekly,"2021-01-24 00:00:00",Conventional,0.810000000,332688.87,118256.94,23114.46,13.18,77932.28,75089.37,2174.58,668.33,113372.01
Nashville,Weekly,"2021-01-17 00:00:00",Conventional,0.800000000,335390.93,118584.17,20908.81,5.50,93046.56,80896.50,2585.62,9564.44,102845.89
Nashville,Weekly,"2021-01-10 00:00:00",Conventional,0.780000000,346754.01,117268.81,19666.74,197.60,85925.44,72397.17,2272.71,11255.56,123695.42
Nashville,Weekly,"2021-01-04 00:00:00",Conventional,0.750000000,339862.38,116956.66,22737.59,112.90,79101.66,67884.48,1942.18,9275.00,120953.57
"New Orleans/Mobile",Weekly,"2021-01-24 00:00:00",Conventional,0.720000000,434430.03,153613.03,24816.36,372.66,175143.76,140265.87,22197.89,12680.00,80484.22
"New Orleans/Mobile",Weekly,"2021-01-17 00:00:00",Conventional,0.690000000,446355.71,160244.74,27906.51,402.11,173570.21,135727.67,25005.88,12836.66,84232.14
"New Orleans/Mobile",Weekly,"2021-01-10 00:00:00",Conventional,0.700000000,428002.93,150193.27,22827.08,253.20,170570.09,126154.63,31262.13,13153.33,84159.29
"New Orleans/Mobile",Weekly,"2021-01-04 00:00:00",Conventional,0.600000000,425533.12,169762.33,35813.34,423.61,144732.72,104103.65,32745.74,7883.33,74801.12
"New York",Weekly,"2021-01-24 00:00:00",Conventional,0.960000000,2881927.88,83027.97,1627172.00,839.93,1008957.69,727279.57,269864.79,11813.33,161930.29
"New York",Weekly,"2021-01-17 00:00:00",Conventional,1.020000000,2580882.11,70504.14,1441142.79,951.17,985537.90,728245.78,241778.79,15513.33,82746.11
"New York",Weekly,"2021-01-10 00:00:00",Conventional,1.050000000,2406554.87,68139.44,1393157.77,1066.02,847583.35,637337.00,197993.02,12253.33,96608.29
"New York",Weekly,"2021-01-04 00:00:00",Conventional,0.960000000,2388356.41,61924.74,1289306.87,1917.58,955051.93,621488.09,320710.51,12853.33,80155.29
Northeast,Weekly,"2021-01-24 00:00:00",Conventional,0.980000000,7883844.76,661914.59,4185198.47,8375.90,2433298.66,1970604.13,397764.53,64930.00,595057.14
Northeast,Weekly,"2021-01-17 00:00:00",Conventional,1.050000000,7336696.90,635105.09,3590162.03,9752.39,2581229.76,2056781.33,444778.43,79670.00,520447.63
Northeast,Weekly,"2021-01-10 00:00:00",Conventional,1.070000000,6848650.22,580478.66,3476123.19,9639.85,2213643.15,1787469.49,355203.66,70970.00,568765.37
Northeast,Weekly,"2021-01-04 00:00:00",Conventional,0.950000000,6919856.03,597119.64,3597640.66,9079.22,2229197.74,1541194.81,622829.04,65173.89,486818.77
"Northern New England",Weekly,"2021-01-24 00:00:00",Conventional,0.880000000,886682.75,18289.43,686339.03,126.53,109129.99,102126.42,190.24,6813.33,72797.77
"Northern New England",Weekly,"2021-01-17 00:00:00",Conventional,1.070000000,743055.45,17622.21,473566.58,96.35,161968.00,155898.91,179.09,5890.00,89802.31
"Northern New England",Weekly,"2021-01-10 00:00:00",Conventional,1.070000000,718282.77,14643.72,462735.27,78.25,136047.33,129107.95,202.71,6736.67,104778.20
"Northern New England",Weekly,"2021-01-04 00:00:00",Conventional,0.840000000,846316.49,16289.66,655427.27,105.15,85583.32,79627.63,115.13,5840.56,88911.09
Orlando,Weekly,"2021-01-24 00:00:00",Conventional,0.810000000,718112.63,311336.90,17853.74,21.45,224339.18,131500.86,91257.76,1580.56,164561.36
Orlando,Weekly,"2021-01-17 00:00:00",Conventional,0.790000000,680268.43,260587.14,17476.06,81.55,257567.93,149427.26,95027.34,13113.33,144555.75
Orlando,Weekly,"2021-01-10 00:00:00",Conventional,0.790000000,668377.34,283762.09,16214.77,140.36,219436.81,128758.71,86470.32,4207.78,148823.31
Orlando,Weekly,"2021-01-04 00:00:00",Conventional,0.730000000,660310.10,271603.67,22451.46,114.11,205309.02,118495.82,76890.42,9922.78,160831.84
Philadelphia,Weekly,"2021-01-24 00:00:00",Conventional,0.890000000,868474.69,153023.31,290714.51,382.04,295139.72,206248.42,80997.97,7893.33,129215.11
Philadelphia,Weekly,"2021-01-17 00:00:00",Conventional,0.950000000,759600.59,144272.87,271383.16,368.79,287020.68,202801.25,74866.10,9353.33,56555.09
Philadelphia,Weekly,"2021-01-10 00:00:00",Conventional,0.930000000,732797.33,139311.94,266107.08,222.32,264965.70,183070.66,74871.71,7023.33,62190.29
Philadelphia,Weekly,"2021-01-04 00:00:00",Conventional,0.810000000,771491.25,132283.15,229810.82,242.52,351722.25,154753.58,190092.00,6876.67,57432.51
Phoenix/Tucson,Weekly,"2021-01-24 00:00:00",Conventional,0.690000000,1467400.05,303386.43,297148.41,4005.63,188052.48,161426.93,26622.22,3.33,674807.10
Phoenix/Tucson,Weekly,"2021-01-17 00:00:00",Conventional,0.650000000,1366784.95,572171.09,159494.57,4811.72,211035.88,181812.41,29203.47,20.00,419271.69
Phoenix/Tucson,Weekly,"2021-01-10 00:00:00",Conventional,0.660000000,1497271.23,480326.67,193240.48,4530.27,202660.00,179645.01,22941.66,73.33,616513.81
Phoenix/Tucson,Weekly,"2021-01-04 00:00:00",Conventional,0.530000000,1796082.85,496606.43,274121.53,5186.77,153432.73,141578.43,11790.97,63.33,866735.39
Pittsburgh,Weekly,"2021-01-24 00:00:00",Conventional,1.090000000,140769.97,37981.30,13294.80,3.37,51155.27,49667.50,494.44,993.33,38335.23
Pittsburgh,Weekly,"2021-01-17 00:00:00",Conventional,0.890000000,207142.28,52823.35,13709.08,39.98,52074.53,50655.55,455.65,963.33,88495.34
Pittsburgh,Weekly,"2021-01-10 00:00:00",Conventional,1.100000000,158782.97,35031.36,14742.47,9.69,52151.41,50749.19,372.22,1030.00,56848.04
Pittsburgh,Weekly,"2021-01-04 00:00:00",Conventional,0.890000000,185151.70,52059.17,11849.60,1.00,41014.42,39765.53,388.89,860.00,80227.51
Plains,Weekly,"2021-01-24 00:00:00",Conventional,0.870000000,2627286.39,891679.29,509757.28,995.31,732621.48,562153.77,169797.71,670.00,492233.03
Plains,Weekly,"2021-01-17 00:00:00",Conventional,0.680000000,3262991.99,1517230.76,577566.85,884.29,730412.61,552378.70,177567.25,466.66,436897.48
Plains,Weekly,"2021-01-10 00:00:00",Conventional,0.870000000,2692614.55,920663.65,550941.21,1018.74,730841.23,549903.74,180410.82,526.67,489149.72
Plains,Weekly,"2021-01-04 00:00:00",Conventional,0.790000000,2849260.39,976692.22,734475.66,867.61,622861.28,479070.58,143690.70,100.00,514363.62
Portland,Weekly,"2021-01-24 00:00:00",Conventional,0.900000000,905864.43,115248.90,105301.15,4690.62,82587.67,41971.67,40609.33,6.67,598036.09
Portland,Weekly,"2021-01-17 00:00:00",Conventional,0.850000000,1006980.92,118269.18,118779.98,5102.33,179804.59,44150.56,135650.70,3.33,585024.84
Portland,Weekly,"2021-01-10 00:00:00",Conventional,0.970000000,854118.87,129615.04,118150.35,3810.00,91515.67,47007.12,44508.55,0.00,511027.81
Portland,Weekly,"2021-01-04 00:00:00",Conventional,0.930000000,923859.83,113027.33,166151.67,10084.35,107418.28,43657.68,63760.60,0.00,527178.20
Raleigh/Greensboro,Weekly,"2021-01-24 00:00:00",Conventional,0.900000000,536921.95,229620.82,81933.70,6280.97,178077.62,142638.10,35289.52,150.00,41008.84
Raleigh/Greensboro,Weekly,"2021-01-17 00:00:00",Conventional,0.940000000,507918.80,196528.37,79735.52,4452.46,192854.82,154775.13,38036.36,43.33,34347.63
Raleigh/Greensboro,Weekly,"2021-01-10 00:00:00",Conventional,0.850000000,562080.15,221178.36,75930.97,4204.53,218007.70,178791.23,39146.47,70.00,42758.59
Raleigh/Greensboro,Weekly,"2021-01-04 00:00:00",Conventional,0.880000000,549313.13,216544.24,90940.71,4793.40,206882.39,169601.49,37264.23,16.67,30152.39
Richmond/Norfolk,Weekly,"2021-01-24 00:00:00",Conventional,0.850000000,423219.26,126414.70,92250.27,1274.15,94149.41,68568.00,15908.08,9673.33,109130.73
Richmond/Norfolk,Weekly,"2021-01-17 00:00:00",Conventional,0.960000000,372513.90,98673.58,76363.96,886.63,102197.79,75005.42,17685.70,9506.67,94391.94
Richmond/Norfolk,Weekly,"2021-01-10 00:00:00",Conventional,0.860000000,400668.23,118328.08,81187.78,804.61,96800.37,72112.22,15761.48,8926.67,103547.39
Richmond/Norfolk,Weekly,"2021-01-04 00:00:00",Conventional,0.860000000,389437.68,117602.83,79712.11,1040.55,93774.12,75219.54,8531.24,10023.34,97308.07
Roanoke,Weekly,"2021-01-24 00:00:00",Conventional,0.820000000,267673.87,79172.83,38337.00,14.44,53261.92,42660.80,7296.12,3305.00,96887.68
Roanoke,Weekly,"2021-01-17 00:00:00",Conventional,0.870000000,247179.99,70800.66,32889.28,36.69,57722.09,44311.83,7846.93,5563.33,85731.27
Roanoke,Weekly,"2021-01-10 00:00:00",Conventional,0.800000000,245563.32,72555.78,32875.66,39.03,53788.61,39308.46,9162.93,5317.22,86304.24
Roanoke,Weekly,"2021-01-04 00:00:00",Conventional,0.770000000,250159.95,75868.79,34838.49,47.69,49635.22,35657.79,8736.87,5240.56,89769.76
Sacramento,Weekly,"2021-01-24 00:00:00",Conventional,1.020000000,623985.99,141912.60,249034.94,4358.72,129247.48,111421.65,17695.83,130.00,99432.25
Sacramento,Weekly,"2021-01-17 00:00:00",Conventional,1.210000000,551415.74,136055.26,202023.42,3417.93,122947.95,101526.70,21381.25,40.00,86971.18
Sacramento,Weekly,"2021-01-10 00:00:00",Conventional,1.030000000,620446.34,155588.72,186603.45,5270.49,115650.37,93899.26,21677.78,73.33,157333.31
Sacramento,Weekly,"2021-01-04 00:00:00",Conventional,0.960000000,634036.18,164985.86,247895.43,6028.51,103201.34,90444.54,12720.13,36.67,111925.04
"San Diego",Weekly,"2021-01-24 00:00:00",Conventional,1.140000000,692735.63,108527.30,34418.62,19739.35,119385.13,105032.64,6304.17,8048.32,410665.23
"San Diego",Weekly,"2021-01-17 00:00:00",Conventional,1.160000000,685588.50,115894.57,29989.61,22078.48,131305.70,115317.78,6421.53,9566.39,386320.14
"San Diego",Weekly,"2021-01-10 00:00:00",Conventional,1.190000000,685430.21,113059.29,30638.22,19703.20,130464.82,116981.03,3239.58,10244.21,391564.68
"San Diego",Weekly,"2021-01-04 00:00:00",Conventional,0.920000000,768316.53,125561.48,39192.18,26053.11,112813.52,100847.54,2773.21,9192.77,464696.24
"San Francisco",Weekly,"2021-01-24 00:00:00",Conventional,1.370000000,958934.24,193545.61,216371.74,8187.81,211085.13,206640.55,4397.91,46.67,329743.95
"San Francisco",Weekly,"2021-01-17 00:00:00",Conventional,1.390000000,926940.07,203429.90,228238.12,7802.71,191507.48,185828.04,5669.44,10.00,295961.86
"San Francisco",Weekly,"2021-01-10 00:00:00",Conventional,1.000000000,1204533.44,264744.04,217613.31,8510.61,174953.30,172764.13,2162.50,26.67,538712.18
"San Francisco",Weekly,"2021-01-04 00:00:00",Conventional,1.180000000,1065026.47,281599.88,206768.90,10505.91,169898.30,166916.35,2965.28,16.67,396253.48
Seattle,Weekly,"2021-01-24 00:00:00",Conventional,1.070000000,780443.78,96929.41,102155.79,160.20,68295.16,68295.16,0.00,0.00,512903.22
Seattle,Weekly,"2021-01-17 00:00:00",Conventional,1.060000000,761169.69,83761.94,110912.91,192.08,73317.01,73317.01,0.00,0.00,492985.75
Seattle,Weekly,"2021-01-10 00:00:00",Conventional,1.070000000,780462.68,95595.77,126350.24,182.87,87840.26,87833.59,0.00,6.67,470493.54
Seattle,Weekly,"2021-01-04 00:00:00",Conventional,0.980000000,835076.89,89950.91,186652.87,166.38,75345.07,74756.88,588.19,0.00,482961.66
"South Carolina",Weekly,"2021-01-24 00:00:00",Conventional,0.870000000,619350.93,261316.65,50029.74,2203.11,168426.04,130252.37,37350.90,822.77,137375.39
"South Carolina",Weekly,"2021-01-17 00:00:00",Conventional,0.890000000,629813.55,236991.90,51101.42,1683.47,195808.60,148387.41,43271.19,4150.00,144228.16
"South Carolina",Weekly,"2021-01-10 00:00:00",Conventional,0.860000000,638727.76,245624.03,49482.65,1399.32,203082.35,158982.73,42979.62,1120.00,139139.41
"South Carolina",Weekly,"2021-01-04 00:00:00",Conventional,0.800000000,660809.25,271945.32,60323.06,1702.75,186784.82,149559.15,34168.45,3057.22,140053.30
"South Central",Weekly,"2021-01-24 00:00:00",Conventional,0.670000000,8548673.05,2768809.73,1026147.94,136919.97,2144690.84,1607954.06,491270.11,45466.67,2472104.57
"South Central",Weekly,"2021-01-17 00:00:00",Conventional,0.680000000,8192028.99,2995927.21,849618.69,185867.39,2238179.29,1572334.51,615864.78,49980.00,1922436.41
"South Central",Weekly,"2021-01-10 00:00:00",Conventional,0.660000000,8635983.33,2853535.77,1051632.93,134928.37,2442737.50,1651082.33,745598.51,46056.66,2153148.76
"South Central",Weekly,"2021-01-04 00:00:00",Conventional,0.600000000,8804735.50,2873421.83,1524878.42,270286.42,2056823.31,1337176.94,693313.04,26333.33,2079325.52
Southeast,Weekly,"2021-01-24 00:00:00",Conventional,0.820000000,6740026.76,2897787.44,271164.29,3131.85,1751725.42,1302906.03,428217.72,20601.67,1816217.76
Southeast,Weekly,"2021-01-17 00:00:00",Conventional,0.810000000,6604655.76,2687804.53,257669.07,2601.48,1890313.24,1376344.43,447016.59,66952.22,1766267.44
Southeast,Weekly,"2021-01-10 00:00:00",Conventional,0.810000000,6469414.44,2711531.26,258075.45,2406.92,1720912.35,1293456.30,394476.61,32979.44,1776488.46
Southeast,Weekly,"2021-01-04 00:00:00",Conventional,0.750000000,6407185.99,2745830.20,335940.98,2624.77,1579399.22,1174659.11,356284.56,48455.55,1743390.82
Spokane,Weekly,"2021-01-24 00:00:00",Conventional,0.930000000,138297.01,21170.44,15197.61,14.02,15666.86,15666.86,0.00,0.00,86248.08
Spokane,Weekly,"2021-01-17 00:00:00",Conventional,0.940000000,132696.52,20330.77,14951.68,27.96,15799.41,15799.41,0.00,0.00,81586.70
Spokane,Weekly,"2021-01-10 00:00:00",Conventional,0.910000000,135345.81,21478.72,18197.07,7.95,20972.73,20972.73,0.00,0.00,74689.34
Spokane,Weekly,"2021-01-04 00:00:00",Conventional,0.840000000,140256.19,20360.47,24264.74,29.72,15686.56,15283.09,403.47,0.00,79914.70
"St. Louis",Weekly,"2021-01-24 00:00:00",Conventional,0.850000000,281860.61,124767.22,13923.70,28.25,83307.59,82483.16,814.43,10.00,59833.85
"St. Louis",Weekly,"2021-01-17 00:00:00",Conventional,0.830000000,261775.71,109819.80,13717.18,64.95,83738.24,83247.22,487.69,3.33,54435.54
"St. Louis",Weekly,"2021-01-10 00:00:00",Conventional,0.790000000,290446.70,127377.30,20467.42,67.02,78958.90,78579.81,375.76,3.33,63576.06
"St. Louis",Weekly,"2021-01-04 00:00:00",Conventional,0.730000000,303228.99,145012.42,13035.13,47.81,71671.36,71190.17,474.52,6.67,73462.27
Syracuse,Weekly,"2021-01-24 00:00:00",Conventional,0.940000000,123122.50,13154.62,57382.89,580.40,48284.07,43730.11,3050.63,1503.33,3720.52
Syracuse,Weekly,"2021-01-17 00:00:00",Conventional,1.060000000,115533.70,10566.25,47085.74,764.91,51465.28,35691.17,12760.78,3013.33,5651.52
Syracuse,Weekly,"2021-01-10 00:00:00",Conventional,1.050000000,111904.19,10383.56,46116.09,967.72,50424.52,39547.80,7650.05,3226.67,4012.30
Syracuse,Weekly,"2021-01-04 00:00:00",Conventional,0.920000000,108405.89,11554.60,53690.09,802.51,38581.01,28158.36,7625.98,2796.67,3777.68
Tampa,Weekly,"2021-01-24 00:00:00",Conventional,0.800000000,749855.72,301362.61,23527.33,17.80,211981.01,122692.53,89275.15,13.33,212966.97
Tampa,Weekly,"2021-01-17 00:00:00",Conventional,0.780000000,715436.92,278764.46,22890.61,35.61,216505.39,126267.41,90207.98,30.00,197240.85
Tampa,Weekly,"2021-01-10 00:00:00",Conventional,0.790000000,682349.95,266792.03,20937.50,19.61,199018.95,118242.92,80736.03,40.00,195581.86
Tampa,Weekly,"2021-01-04 00:00:00",Conventional,0.720000000,688574.76,278390.17,31915.77,13.45,185659.80,114815.64,70840.83,3.33,192595.57
"Total U.S.",Weekly,"2021-01-24 00:00:00",Conventional,0.880000000,53237040.17,13116601.84,10289480.96,990601.25,12621867.75,10119268.97,2246769.63,255829.15,16218488.37
"Total U.S.",Weekly,"2021-01-17 00:00:00",Conventional,0.890000000,52941977.05,14077153.29,9387408.58,1118254.12,13374805.95,10319642.40,2688417.33,366746.22,14984355.11
"Total U.S.",Weekly,"2021-01-10 00:00:00",Conventional,0.890000000,51613834.04,13363389.86,8941365.96,710736.14,13139393.14,10377350.77,2422839.66,339202.71,15458948.94
"Total U.S.",Weekly,"2021-01-04 00:00:00",Conventional,0.800000000,53700226.15,13743429.80,10634953.92,1146453.33,11812596.90,8915223.29,2604128.77,293244.84,16362792.20
West,Weekly,"2021-01-24 00:00:00",Conventional,0.840000000,9035538.27,1721631.76,1173203.94,23811.42,1678243.81,1365205.00,302218.21,10820.60,4438647.34
West,Weekly,"2021-01-17 00:00:00",Conventional,0.830000000,9057420.15,2039872.32,978916.72,23717.25,1859499.27,1362506.91,483979.03,13013.33,4155414.59
West,Weekly,"2021-01-10 00:00:00",Conventional,0.850000000,9014784.63,1948574.20,1067852.27,25147.25,1833960.73,1512795.65,302955.64,18209.44,4139250.18
West,Weekly,"2021-01-04 00:00:00",Conventional,0.750000000,9667471.08,1940214.23,1445316.40,36956.88,1508179.62,1226449.39,266002.17,15728.06,4736803.95
"West Tex/New Mexico",Weekly,"2021-01-24 00:00:00",Conventional,0.640000000,1200129.95,346320.08,108086.03,9884.54,472566.68,302113.32,170440.03,13.33,263272.62
"West Tex/New Mexico",Weekly,"2021-01-17 00:00:00",Conventional,0.610000000,1238258.58,344028.58,112122.89,10450.38,536623.23,269329.05,267284.18,10.00,235033.50
"West Tex/New Mexico",Weekly,"2021-01-10 00:00:00",Conventional,0.640000000,1138008.14,337000.14,108841.20,13972.37,432536.20,315099.32,117420.21,16.67,245658.23
"West Tex/New Mexico",Weekly,"2021-01-04 00:00:00",Conventional,0.580000000,1172270.09,327434.29,221760.49,21968.48,334398.74,229528.57,104856.84,13.33,266708.09
Albany,Weekly,"2021-01-24 00:00:00",Organic,1.340000000,3802.00,45.00,465.00,0.00,3081.00,1875.00,1206.00,0.00,212.00
Albany,Weekly,"2021-01-17 00:00:00",Organic,1.330000000,4432.00,137.00,436.00,0.00,3556.00,2209.00,1347.00,0.00,303.00
Albany,Weekly,"2021-01-10 00:00:00",Organic,1.280000000,4634.00,58.00,481.00,0.00,3849.00,2134.00,1715.00,0.00,245.00
Albany,Weekly,"2021-01-04 00:00:00",Organic,1.390000000,3427.00,62.00,457.00,12.00,2692.00,1470.00,1222.00,0.00,204.00
Atlanta,Weekly,"2021-01-24 00:00:00",Organic,1.340000000,48944.00,51.00,3479.00,0.00,23589.00,10833.00,12756.00,0.00,21826.00
Atlanta,Weekly,"2021-01-17 00:00:00",Organic,1.420000000,47331.00,69.00,3332.00,0.00,24808.00,12003.00,12804.00,0.00,19122.00
Atlanta,Weekly,"2021-01-10 00:00:00",Organic,1.330000000,44631.00,157.00,3440.00,0.00,21761.00,10613.00,11148.00,0.00,19273.00
Atlanta,Weekly,"2021-01-04 00:00:00",Organic,1.250000000,40863.00,90.00,3475.00,0.00,18800.00,9690.00,9110.00,0.00,18498.00
Baltimore/Washington,Weekly,"2021-01-24 00:00:00",Organic,1.190000000,94918.00,685.00,3729.00,8.00,89175.00,84253.00,4922.00,0.00,1322.00
Baltimore/Washington,Weekly,"2021-01-17 00:00:00",Organic,1.210000000,94003.00,803.00,3980.00,4.00,86058.00,80882.00,5176.00,0.00,3157.00
Baltimore/Washington,Weekly,"2021-01-10 00:00:00",Organic,1.250000000,92131.00,687.00,3361.00,4.00,86634.00,80930.00,5704.00,0.00,1445.00
Baltimore/Washington,Weekly,"2021-01-04 00:00:00",Organic,1.220000000,83583.00,649.00,3726.00,0.00,77570.00,71379.00,6191.00,0.00,1637.00
Boise,Weekly,"2021-01-24 00:00:00",Organic,1.400000000,7540.00,12.00,674.00,0.00,3141.00,1794.00,1347.00,0.00,3711.00
Boise,Weekly,"2021-01-17 00:00:00",Organic,1.410000000,7751.00,17.00,718.00,0.00,3131.00,1951.00,1180.00,0.00,3884.00
Boise,Weekly,"2021-01-10 00:00:00",Organic,1.460000000,7886.00,10.00,874.00,0.00,3478.00,2196.00,1282.00,0.00,3524.00
Boise,Weekly,"2021-01-04 00:00:00",Organic,1.450000000,7770.00,5.00,1063.00,0.00,2865.00,1811.00,1054.00,0.00,3838.00
Boston,Weekly,"2021-01-24 00:00:00",Organic,1.500000000,72395.00,119.00,2146.00,0.00,69721.00,68402.00,1319.00,0.00,409.00
Boston,Weekly,"2021-01-17 00:00:00",Organic,1.740000000,51864.00,197.00,2011.00,0.00,49258.00,47590.00,1668.00,0.00,399.00
Boston,Weekly,"2021-01-10 00:00:00",Organic,1.670000000,55308.00,193.00,2250.00,0.00,52388.00,50551.00,1836.00,0.00,477.00
Boston,Weekly,"2021-01-04 00:00:00",Organic,1.650000000,38871.00,78.00,4066.00,0.00,34514.00,32938.00,1576.00,0.00,213.00
Buffalo/Rochester,Weekly,"2021-01-24 00:00:00",Organic,1.440000000,18381.00,1254.00,144.00,0.00,16982.00,16982.00,0.00,0.00,0.00
Buffalo/Rochester,Weekly,"2021-01-17 00:00:00",Organic,1.470000000,19088.00,1081.00,98.00,0.00,17908.00,17908.00,0.00,0.00,0.00
Buffalo/Rochester,Weekly,"2021-01-10 00:00:00",Organic,1.380000000,23933.00,1122.00,157.00,0.00,22654.00,22654.00,0.00,0.00,0.00
Buffalo/Rochester,Weekly,"2021-01-04 00:00:00",Organic,1.350000000,14177.00,912.00,148.00,1.00,13117.00,13117.00,0.00,0.00,0.00
California,Weekly,"2021-01-24 00:00:00",Organic,1.700000000,404877.00,24928.00,27072.00,0.00,182802.00,125181.00,57621.00,0.00,170074.00
California,Weekly,"2021-01-17 00:00:00",Organic,1.740000000,398850.00,23426.00,20704.00,9.00,182669.00,129243.00,53426.00,0.00,172042.00
California,Weekly,"2021-01-10 00:00:00",Organic,1.730000000,373041.00,21994.00,22157.00,38.00,171386.00,117373.00,54012.00,0.00,157465.00
California,Weekly,"2021-01-04 00:00:00",Organic,1.560000000,383929.00,19270.00,22389.00,15.00,170490.00,122652.00,47838.00,0.00,171764.00
Charlotte,Weekly,"2021-01-24 00:00:00",Organic,1.350000000,20471.00,71.00,3416.00,31.00,16731.00,16722.00,9.00,0.00,222.00
Charlotte,Weekly,"2021-01-17 00:00:00",Organic,1.400000000,20440.00,84.00,3333.00,25.00,16083.00,16074.00,9.00,0.00,916.00
Charlotte,Weekly,"2021-01-10 00:00:00",Organic,1.410000000,20649.00,142.00,3583.00,42.00,16118.00,16118.00,0.00,0.00,764.00
Charlotte,Weekly,"2021-01-04 00:00:00",Organic,1.340000000,21420.00,105.00,4375.00,22.00,16203.00,16190.00,13.00,0.00,716.00
Chicago,Weekly,"2021-01-24 00:00:00",Organic,1.340000000,77450.00,443.00,3712.00,0.00,49843.00,9702.00,40141.00,0.00,23452.00
Chicago,Weekly,"2021-01-17 00:00:00",Organic,1.460000000,68519.00,700.00,3861.00,0.00,37197.00,13759.00,23437.00,0.00,26761.00
Chicago,Weekly,"2021-01-10 00:00:00",Organic,1.190000000,112367.00,690.00,3504.00,0.00,82036.00,13242.00,68794.00,0.00,26137.00
Chicago,Weekly,"2021-01-04 00:00:00",Organic,1.160000000,116724.00,534.00,3243.00,0.00,86718.00,10599.00,76119.00,0.00,26229.00
Cincinnati/Dayton,Weekly,"2021-01-24 00:00:00",Organic,1.390000000,22561.00,626.00,2629.00,0.00,7441.00,2059.00,5383.00,0.00,11865.00
Cincinnati/Dayton,Weekly,"2021-01-17 00:00:00",Organic,1.410000000,23496.00,591.00,2690.00,0.00,7025.00,1872.00,5153.00,0.00,13190.00
Cincinnati/Dayton,Weekly,"2021-01-10 00:00:00",Organic,1.370000000,19239.00,534.00,2109.00,0.00,7386.00,2173.00,5213.00,0.00,9210.00
Cincinnati/Dayton,Weekly,"2021-01-04 00:00:00",Organic,1.280000000,19577.00,413.00,2720.00,0.00,5460.00,1552.00,3908.00,0.00,10984.00
Columbus,Weekly,"2021-01-24 00:00:00",Organic,1.330000000,14110.00,1688.00,1090.00,0.00,6785.00,2403.00,4382.00,0.00,4546.00
Columbus,Weekly,"2021-01-17 00:00:00",Organic,1.330000000,16268.00,1260.00,1359.00,0.00,6926.00,2502.00,4424.00,0.00,6723.00
Columbus,Weekly,"2021-01-10 00:00:00",Organic,1.340000000,15088.00,720.00,1286.00,0.00,6930.00,2550.00,4380.00,0.00,6151.00
Columbus,Weekly,"2021-01-04 00:00:00",Organic,1.260000000,11672.00,595.00,1084.00,0.00,4522.00,1757.00,2765.00,0.00,5470.00
"Dallas/Ft. Worth",Weekly,"2021-01-24 00:00:00",Organic,0.980000000,95387.00,5590.00,3012.00,498.00,40033.00,24180.00,15853.00,0.00,46255.00
"Dallas/Ft. Worth",Weekly,"2021-01-17 00:00:00",Organic,1.180000000,65422.00,4240.00,170.00,2246.00,40093.00,23401.00,16692.00,0.00,18673.00
"Dallas/Ft. Worth",Weekly,"2021-01-10 00:00:00",Organic,1.090000000,79651.00,5144.00,1134.00,10434.00,41808.00,23616.00,18192.00,0.00,21130.00
"Dallas/Ft. Worth",Weekly,"2021-01-04 00:00:00",Organic,1.130000000,54101.00,4396.00,88.00,263.00,34639.00,21443.00,13196.00,0.00,14715.00
Denver,Weekly,"2021-01-24 00:00:00",Organic,1.110000000,67975.00,4599.00,826.00,0.00,33797.00,11058.00,22739.00,0.00,28753.00
Denver,Weekly,"2021-01-17 00:00:00",Organic,1.110000000,58897.00,3880.00,758.00,0.00,28905.00,10396.00,18509.00,0.00,25354.00
Denver,Weekly,"2021-01-10 00:00:00",Organic,1.030000000,76495.00,6764.00,1020.00,0.00,32723.00,13048.00,19675.00,0.00,35987.00
Denver,Weekly,"2021-01-04 00:00:00",Organic,1.090000000,58547.00,4158.00,975.00,0.00,27813.00,10779.00,17034.00,0.00,25602.00
Detroit,Weekly,"2021-01-24 00:00:00",Organic,1.260000000,28294.00,1023.00,2468.00,0.00,14007.00,5788.00,8219.00,0.00,10796.00
Detroit,Weekly,"2021-01-17 00:00:00",Organic,1.300000000,30352.00,571.00,2666.00,0.00,14247.00,5959.00,8288.00,0.00,12868.00
Detroit,Weekly,"2021-01-10 00:00:00",Organic,1.180000000,30619.00,439.00,2383.00,0.00,18533.00,9824.00,8709.00,0.00,9264.00
Detroit,Weekly,"2021-01-04 00:00:00",Organic,1.190000000,21700.00,310.00,2371.00,0.00,11461.00,3986.00,7475.00,0.00,7558.00
"Grand Rapids",Weekly,"2021-01-24 00:00:00",Organic,0.930000000,15924.00,27.00,1155.00,0.00,14741.00,14741.00,0.00,0.00,1.00
"Grand Rapids",Weekly,"2021-01-17 00:00:00",Organic,1.250000000,8116.00,32.00,1181.00,0.00,6903.00,6903.00,0.00,0.00,0.00
"Grand Rapids",Weekly,"2021-01-10 00:00:00",Organic,1.070000000,10792.00,31.00,1584.00,0.00,9177.00,9037.00,140.00,0.00,0.00
"Grand Rapids",Weekly,"2021-01-04 00:00:00",Organic,1.190000000,7974.00,59.00,2127.00,0.00,5788.00,4549.00,1240.00,0.00,0.00
"Great Lakes",Weekly,"2021-01-24 00:00:00",Organic,1.270000000,273198.00,8386.00,18524.00,0.00,165715.00,82117.00,83493.00,105.00,80572.00
"Great Lakes",Weekly,"2021-01-17 00:00:00",Organic,1.350000000,268158.00,8286.00,19992.00,0.00,141442.00,76294.00,65038.00,111.00,98437.00
"Great Lakes",Weekly,"2021-01-10 00:00:00",Organic,1.220000000,311846.00,6504.00,18782.00,0.00,202350.00,88664.00,113678.00,9.00,84209.00
"Great Lakes",Weekly,"2021-01-04 00:00:00",Organic,1.210000000,279007.00,6475.00,20112.00,0.00,170396.00,56973.00,113423.00,0.00,82024.00
Harrisburg/Scranton,Weekly,"2021-01-24 00:00:00",Organic,1.170000000,23188.00,272.00,535.00,0.00,22356.00,22223.00,133.00,0.00,25.00
Harrisburg/Scranton,Weekly,"2021-01-17 00:00:00",Organic,1.150000000,23218.00,643.00,585.00,0.00,21949.00,21810.00,139.00,0.00,42.00
Harrisburg/Scranton,Weekly,"2021-01-10 00:00:00",Organic,1.130000000,24170.00,228.00,538.00,0.00,23390.00,23252.00,138.00,0.00,14.00
Harrisburg/Scranton,Weekly,"2021-01-04 00:00:00",Organic,1.170000000,20428.00,330.00,462.00,0.00,19631.00,19488.00,143.00,0.00,5.00
Hartford/Springfield,Weekly,"2021-01-24 00:00:00",Organic,1.630000000,33418.00,382.00,7719.00,0.00,25233.00,25233.00,0.00,0.00,84.00
Hartford/Springfield,Weekly,"2021-01-17 00:00:00",Organic,1.840000000,24507.00,1223.00,7905.00,0.00,15149.00,15149.00,0.00,0.00,230.00
Hartford/Springfield,Weekly,"2021-01-10 00:00:00",Organic,1.620000000,29237.00,516.00,8483.00,6.00,20118.00,20118.00,0.00,0.00,115.00
Hartford/Springfield,Weekly,"2021-01-04 00:00:00",Organic,1.350000000,27212.00,324.00,16177.00,0.00,10688.00,10688.00,0.00,0.00,23.00
Houston,Weekly,"2021-01-24 00:00:00",Organic,1.030000000,51326.00,5160.00,762.00,0.00,16944.00,1214.00,15729.00,0.00,28461.00
Houston,Weekly,"2021-01-17 00:00:00",Organic,1.240000000,35226.00,5122.00,4.00,0.00,17554.00,1468.00,16087.00,0.00,12545.00
Houston,Weekly,"2021-01-10 00:00:00",Organic,1.170000000,36529.00,6069.00,0.00,0.00,15994.00,1548.00,14446.00,0.00,14466.00
Houston,Weekly,"2021-01-04 00:00:00",Organic,1.140000000,30140.00,6139.00,13.00,0.00,11800.00,881.00,10918.00,0.00,12189.00
Indianapolis,Weekly,"2021-01-24 00:00:00",Organic,1.230000000,12004.00,137.00,1116.00,0.00,6527.00,2788.00,3739.00,0.00,4224.00
Indianapolis,Weekly,"2021-01-17 00:00:00",Organic,1.240000000,13768.00,172.00,1266.00,0.00,6789.00,3449.00,3341.00,0.00,5540.00
Indianapolis,Weekly,"2021-01-10 00:00:00",Organic,1.170000000,13078.00,181.00,911.00,0.00,8206.00,4484.00,3722.00,0.00,3779.00
Indianapolis,Weekly,"2021-01-04 00:00:00",Organic,1.160000000,10239.00,144.00,875.00,0.00,5914.00,3068.00,2846.00,0.00,3306.00
Jacksonville,Weekly,"2021-01-24 00:00:00",Organic,0.970000000,5780.00,75.00,244.00,0.00,5461.00,2923.00,0.00,2538.00,0.00
Jacksonville,Weekly,"2021-01-17 00:00:00",Organic,1.050000000,5542.00,66.00,216.00,0.00,5202.00,1801.00,3.00,3398.00,58.00
Jacksonville,Weekly,"2021-01-10 00:00:00",Organic,1.010000000,5843.00,74.00,266.00,0.00,5474.00,2829.00,3.00,2643.00,28.00
Jacksonville,Weekly,"2021-01-04 00:00:00",Organic,0.900000000,7297.00,43.00,295.00,2.00,6921.00,4654.00,0.00,2266.00,37.00
"Las Vegas",Weekly,"2021-01-24 00:00:00",Organic,1.360000000,19091.00,932.00,326.00,0.00,8427.00,4104.00,4322.00,0.00,9407.00
"Las Vegas",Weekly,"2021-01-17 00:00:00",Organic,1.400000000,20816.00,978.00,571.00,0.00,8837.00,4551.00,4286.00,0.00,10431.00
"Las Vegas",Weekly,"2021-01-10 00:00:00",Organic,1.360000000,20922.00,923.00,712.00,0.00,9017.00,4912.00,4105.00,0.00,10270.00
"Las Vegas",Weekly,"2021-01-04 00:00:00",Organic,1.330000000,16147.00,601.00,363.00,0.00,6837.00,4087.00,2751.00,0.00,8346.00
"Los Angeles",Weekly,"2021-01-24 00:00:00",Organic,1.580000000,189008.00,11971.00,2568.00,0.00,77324.00,26404.00,50919.00,0.00,97144.00
"Los Angeles",Weekly,"2021-01-17 00:00:00",Organic,1.630000000,185385.00,10245.00,2811.00,6.00,76070.00,29586.00,46484.00,0.00,96253.00
"Los Angeles",Weekly,"2021-01-10 00:00:00",Organic,1.640000000,175162.00,9452.00,3152.00,11.00,74331.00,26789.00,47542.00,0.00,88216.00
"Los Angeles",Weekly,"2021-01-04 00:00:00",Organic,1.360000000,171436.00,7510.00,3285.00,6.00,67197.00,24960.00,42237.00,0.00,93438.00
Louisville,Weekly,"2021-01-24 00:00:00",Organic,1.310000000,9365.00,2.00,694.00,0.00,4809.00,201.00,3535.00,1073.00,3859.00
Louisville,Weekly,"2021-01-17 00:00:00",Organic,1.450000000,10866.00,1.00,789.00,0.00,5790.00,232.00,4461.00,1097.00,4286.00
Louisville,Weekly,"2021-01-10 00:00:00",Organic,1.290000000,10893.00,11.00,949.00,0.00,5520.00,459.00,4221.00,840.00,4412.00
Louisville,Weekly,"2021-01-04 00:00:00",Organic,1.190000000,8991.00,19.00,806.00,0.00,4202.00,323.00,3170.00,709.00,3964.00
"Miami/Ft. Lauderdale",Weekly,"2021-01-24 00:00:00",Organic,0.920000000,19414.00,311.00,0.00,0.00,19103.00,19012.00,0.00,90.00,0.00
"Miami/Ft. Lauderdale",Weekly,"2021-01-17 00:00:00",Organic,0.920000000,22881.00,293.00,7.00,0.00,22582.00,21503.00,0.00,1079.00,0.00
"Miami/Ft. Lauderdale",Weekly,"2021-01-10 00:00:00",Organic,0.940000000,23611.00,445.00,10.00,0.00,23147.00,21828.00,0.00,1318.00,10.00
"Miami/Ft. Lauderdale",Weekly,"2021-01-04 00:00:00",Organic,0.930000000,15803.00,179.00,0.00,0.00,15624.00,14443.00,0.00,1181.00,0.00
Midsouth,Weekly,"2021-01-24 00:00:00",Organic,1.190000000,360742.00,2657.00,25766.00,184.00,292344.00,224870.00,51284.00,16190.00,39791.00
Midsouth,Weekly,"2021-01-17 00:00:00",Organic,1.250000000,352543.00,2948.00,25917.00,171.00,277294.00,206969.00,54637.00,15689.00,46212.00
Midsouth,Weekly,"2021-01-10 00:00:00",Organic,1.230000000,346211.00,2874.00,25993.00,213.00,273620.00,207968.00,50573.00,15079.00,43511.00
Midsouth,Weekly,"2021-01-04 00:00:00",Organic,1.150000000,321407.00,2608.00,26300.00,142.00,255704.00,196374.00,47500.00,11830.00,36653.00
Nashville,Weekly,"2021-01-24 00:00:00",Organic,1.220000000,24652.00,24.00,1583.00,0.00,14574.00,1788.00,8163.00,4623.00,8471.00
Nashville,Weekly,"2021-01-17 00:00:00",Organic,1.320000000,24365.00,36.00,1507.00,0.00,14398.00,2319.00,7896.00,4183.00,8423.00
Nashville,Weekly,"2021-01-10 00:00:00",Organic,1.230000000,23601.00,22.00,1460.00,0.00,13258.00,2225.00,7183.00,3850.00,8861.00
Nashville,Weekly,"2021-01-04 00:00:00",Organic,1.120000000,18136.00,46.00,945.00,0.00,11854.00,2144.00,6344.00,3366.00,5292.00
"New Orleans/Mobile",Weekly,"2021-01-24 00:00:00",Organic,1.050000000,11924.00,41.00,40.00,0.00,10441.00,3186.00,7255.00,0.00,1402.00
"New Orleans/Mobile",Weekly,"2021-01-17 00:00:00",Organic,1.110000000,7775.00,32.00,0.00,0.00,6388.00,3539.00,2849.00,0.00,1355.00
"New Orleans/Mobile",Weekly,"2021-01-10 00:00:00",Organic,1.110000000,10015.00,48.00,0.00,0.00,8530.00,3175.00,5355.00,0.00,1437.00
"New Orleans/Mobile",Weekly,"2021-01-04 00:00:00",Organic,1.090000000,8290.00,65.00,0.00,0.00,6897.00,2683.00,4214.00,0.00,1327.00
"New York",Weekly,"2021-01-24 00:00:00",Organic,1.510000000,162866.00,14252.00,10033.00,14.00,133275.00,133275.00,0.00,0.00,5292.00
"New York",Weekly,"2021-01-17 00:00:00",Organic,1.570000000,143843.00,22115.00,13307.00,12.00,101251.00,101251.00,0.00,0.00,7157.00
"New York",Weekly,"2021-01-10 00:00:00",Organic,1.340000000,190713.00,11679.00,8791.00,21.00,164669.00,164669.00,0.00,0.00,5552.00
"New York",Weekly,"2021-01-04 00:00:00",Organic,1.630000000,95843.00,11040.00,10652.00,4.00,68827.00,68827.00,0.00,0.00,5321.00
Northeast,Weekly,"2021-01-24 00:00:00",Organic,1.470000000,431385.00,22724.00,27778.00,23.00,364720.00,349348.00,15373.00,0.00,16140.00
Northeast,Weekly,"2021-01-17 00:00:00",Organic,1.520000000,399275.00,36313.00,32691.00,11.00,310004.00,293006.00,16997.00,0.00,20256.00
Northeast,Weekly,"2021-01-10 00:00:00",Organic,1.380000000,472545.00,19425.00,26886.00,26.00,409464.00,388788.00,20676.00,0.00,16744.00
Northeast,Weekly,"2021-01-04 00:00:00",Organic,1.490000000,301388.00,18415.00,40688.00,20.00,228541.00,214305.00,14236.00,0.00,13725.00
"Northern New England",Weekly,"2021-01-24 00:00:00",Organic,1.480000000,33218.00,67.00,735.00,0.00,28188.00,16470.00,11718.00,0.00,4228.00
"Northern New England",Weekly,"2021-01-17 00:00:00",Organic,1.560000000,31210.00,104.00,776.00,0.00,26224.00,13539.00,12685.00,0.00,4107.00
"Northern New England",Weekly,"2021-01-10 00:00:00",Organic,1.530000000,32974.00,137.00,901.00,0.00,27807.00,11888.00,15919.00,0.00,4129.00
"Northern New England",Weekly,"2021-01-04 00:00:00",Organic,1.530000000,25803.00,59.00,694.00,0.00,21973.00,11576.00,10397.00,0.00,3078.00
Orlando,Weekly,"2021-01-24 00:00:00",Organic,0.890000000,10362.00,128.00,0.00,0.00,10234.00,9770.00,3.00,461.00,0.00
Orlando,Weekly,"2021-01-17 00:00:00",Organic,0.940000000,14568.00,123.00,0.00,0.00,14445.00,10350.00,0.00,4095.00,0.00
Orlando,Weekly,"2021-01-10 00:00:00",Organic,0.940000000,15807.00,86.00,0.00,0.00,15721.00,10979.00,0.00,4743.00,0.00
Orlando,Weekly,"2021-01-04 00:00:00",Organic,0.930000000,13790.00,196.00,0.00,0.00,13593.00,9974.00,0.00,3620.00,0.00
Philadelphia,Weekly,"2021-01-24 00:00:00",Organic,1.460000000,34410.00,1798.00,2523.00,1.00,26128.00,25045.00,1083.00,0.00,3960.00
Philadelphia,Weekly,"2021-01-17 00:00:00",Organic,1.420000000,42168.00,3495.00,3308.00,0.00,30563.00,29448.00,1115.00,0.00,4802.00
Philadelphia,Weekly,"2021-01-10 00:00:00",Organic,1.280000000,47879.00,1793.00,1946.00,0.00,39893.00,38724.00,1169.00,0.00,4248.00
Philadelphia,Weekly,"2021-01-04 00:00:00",Organic,1.460000000,31183.00,1769.00,2591.00,0.00,23294.00,22199.00,1095.00,0.00,3530.00
Phoenix/Tucson,Weekly,"2021-01-24 00:00:00",Organic,1.270000000,34021.00,2576.00,2293.00,0.00,16517.00,10543.00,5974.00,0.00,12635.00
Phoenix/Tucson,Weekly,"2021-01-17 00:00:00",Organic,1.270000000,38463.00,3943.00,5863.00,0.00,18402.00,11954.00,6447.00,0.00,10255.00
Phoenix/Tucson,Weekly,"2021-01-10 00:00:00",Organic,1.250000000,39641.00,2954.00,5693.00,0.00,17630.00,11258.00,6372.00,0.00,13363.00
Phoenix/Tucson,Weekly,"2021-01-04 00:00:00",Organic,1.110000000,40493.00,2883.00,10529.00,0.00,15824.00,11037.00,4787.00,0.00,11258.00
Pittsburgh,Weekly,"2021-01-24 00:00:00",Organic,1.320000000,14414.00,2272.00,0.00,0.00,10698.00,10687.00,11.00,0.00,1444.00
Pittsburgh,Weekly,"2021-01-17 00:00:00",Organic,1.220000000,17781.00,3678.00,0.00,0.00,11845.00,11840.00,6.00,0.00,2259.00
Pittsburgh,Weekly,"2021-01-10 00:00:00",Organic,1.290000000,16600.00,2228.00,2.00,0.00,12959.00,12936.00,22.00,0.00,1412.00
Pittsburgh,Weekly,"2021-01-04 00:00:00",Organic,1.330000000,13472.00,2347.00,7.00,0.00,10064.00,10043.00,21.00,0.00,1055.00
Plains,Weekly,"2021-01-24 00:00:00",Organic,1.130000000,74736.00,4850.00,2036.00,11.00,60665.00,56631.00,4034.00,0.00,7174.00
Plains,Weekly,"2021-01-17 00:00:00",Organic,1.110000000,85694.00,5256.00,2167.00,17.00,65149.00,57998.00,7150.00,0.00,13107.00
Plains,Weekly,"2021-01-10 00:00:00",Organic,1.140000000,82237.00,5673.00,2002.00,8.00,60599.00,54031.00,6568.00,0.00,13955.00
Plains,Weekly,"2021-01-04 00:00:00",Organic,1.150000000,70703.00,5004.00,2205.00,31.00,53521.00,48843.00,4678.00,0.00,9941.00
Portland,Weekly,"2021-01-24 00:00:00",Organic,1.340000000,57918.00,799.00,8533.00,0.00,17113.00,2501.00,14612.00,0.00,31472.00
Portland,Weekly,"2021-01-17 00:00:00",Organic,1.360000000,63268.00,1100.00,9147.00,0.00,15559.00,2505.00,13054.00,0.00,37462.00
Portland,Weekly,"2021-01-10 00:00:00",Organic,1.490000000,59610.00,1365.00,10612.00,0.00,15792.00,2286.00,13506.00,0.00,31841.00
Portland,Weekly,"2021-01-04 00:00:00",Organic,1.200000000,85937.00,2604.00,14391.00,0.00,13335.00,2347.00,10988.00,0.00,55607.00
Raleigh/Greensboro,Weekly,"2021-01-24 00:00:00",Organic,1.320000000,31684.00,757.00,3690.00,57.00,26616.00,26612.00,3.00,0.00,565.00
Raleigh/Greensboro,Weekly,"2021-01-17 00:00:00",Organic,1.400000000,26599.00,825.00,3646.00,78.00,21071.00,21059.00,12.00,0.00,978.00
Raleigh/Greensboro,Weekly,"2021-01-10 00:00:00",Organic,1.390000000,27065.00,948.00,3581.00,93.00,21589.00,21577.00,12.00,0.00,855.00
Raleigh/Greensboro,Weekly,"2021-01-04 00:00:00",Organic,1.260000000,27538.00,832.00,3554.00,62.00,22182.00,22174.00,8.00,0.00,908.00
Richmond/Norfolk,Weekly,"2021-01-24 00:00:00",Organic,0.970000000,37440.00,25.00,1754.00,0.00,33213.00,27926.00,5287.00,0.00,2449.00
Richmond/Norfolk,Weekly,"2021-01-17 00:00:00",Organic,1.030000000,37997.00,41.00,1776.00,3.00,33464.00,27296.00,6168.00,0.00,2713.00
Richmond/Norfolk,Weekly,"2021-01-10 00:00:00",Organic,0.960000000,36334.00,13.00,1726.00,5.00,31788.00,26438.00,5349.00,0.00,2802.00
Richmond/Norfolk,Weekly,"2021-01-04 00:00:00",Organic,0.900000000,36985.00,13.00,1801.00,3.00,32127.00,24792.00,7334.00,0.00,3042.00
Roanoke,Weekly,"2021-01-24 00:00:00",Organic,1.070000000,21304.00,24.00,1607.00,0.00,16005.00,9377.00,5747.00,881.00,3668.00
Roanoke,Weekly,"2021-01-17 00:00:00",Organic,1.170000000,20772.00,40.00,1683.00,0.00,14496.00,8677.00,5028.00,790.00,4553.00
Roanoke,Weekly,"2021-01-10 00:00:00",Organic,1.110000000,19831.00,29.00,1810.00,0.00,13628.00,8099.00,4619.00,910.00,4364.00
Roanoke,Weekly,"2021-01-04 00:00:00",Organic,1.000000000,17401.00,14.00,1624.00,0.00,12154.00,7796.00,3734.00,624.00,3609.00
Sacramento,Weekly,"2021-01-24 00:00:00",Organic,1.630000000,22847.00,2730.00,3690.00,0.00,12550.00,12550.00,0.00,0.00,3876.00
Sacramento,Weekly,"2021-01-17 00:00:00",Organic,1.700000000,22350.00,2959.00,2510.00,0.00,13054.00,13054.00,0.00,0.00,3827.00
Sacramento,Weekly,"2021-01-10 00:00:00",Organic,1.750000000,21155.00,3088.00,3183.00,0.00,11180.00,11180.00,0.00,0.00,3704.00
Sacramento,Weekly,"2021-01-04 00:00:00",Organic,1.750000000,21701.00,2521.00,2747.00,0.00,12184.00,12184.00,0.00,0.00,4250.00
"San Diego",Weekly,"2021-01-24 00:00:00",Organic,1.820000000,35479.00,1520.00,1142.00,0.00,12386.00,7284.00,5101.00,0.00,20431.00
"San Diego",Weekly,"2021-01-17 00:00:00",Organic,1.880000000,38035.00,1524.00,1382.00,0.00,12444.00,7204.00,5240.00,0.00,22685.00
"San Diego",Weekly,"2021-01-10 00:00:00",Organic,1.820000000,34703.00,1392.00,1233.00,8.00,12617.00,7034.00,5583.00,0.00,19452.00
"San Diego",Weekly,"2021-01-04 00:00:00",Organic,1.290000000,36977.00,1128.00,1583.00,2.00,11224.00,6714.00,4510.00,0.00,23040.00
"San Francisco",Weekly,"2021-01-24 00:00:00",Organic,1.870000000,81585.00,3016.00,8722.00,0.00,44340.00,44340.00,0.00,0.00,25508.00
"San Francisco",Weekly,"2021-01-17 00:00:00",Organic,1.860000000,79853.00,3205.00,5925.00,1.00,44650.00,44650.00,0.00,0.00,26073.00
"San Francisco",Weekly,"2021-01-10 00:00:00",Organic,1.830000000,72603.00,2779.00,6172.00,10.00,39761.00,39761.00,0.00,0.00,23881.00
"San Francisco",Weekly,"2021-01-04 00:00:00",Organic,1.950000000,78943.00,3144.00,6422.00,1.00,44400.00,44400.00,0.00,0.00,24976.00
Seattle,Weekly,"2021-01-24 00:00:00",Organic,1.620000000,85807.00,1289.00,14575.00,0.00,14485.00,2422.00,12062.00,0.00,55459.00
Seattle,Weekly,"2021-01-17 00:00:00",Organic,1.600000000,93549.00,1035.00,15298.00,4.00,14629.00,2755.00,11874.00,0.00,62583.00
Seattle,Weekly,"2021-01-10 00:00:00",Organic,1.810000000,68060.00,1185.00,13562.00,3.00,15309.00,2968.00,12340.00,0.00,38002.00
Seattle,Weekly,"2021-01-04 00:00:00",Organic,1.600000000,80496.00,1323.00,16862.00,0.00,12651.00,2904.00,9747.00,0.00,49660.00
"South Carolina",Weekly,"2021-01-24 00:00:00",Organic,1.290000000,32006.00,423.00,2810.00,77.00,23740.00,20064.00,2877.00,799.00,4956.00
"South Carolina",Weekly,"2021-01-17 00:00:00",Organic,1.320000000,31555.00,525.00,2507.00,74.00,24102.00,20361.00,2517.00,1225.00,4347.00
"South Carolina",Weekly,"2021-01-10 00:00:00",Organic,1.290000000,31115.00,550.00,3045.00,81.00,23358.00,20805.00,1610.00,942.00,4081.00
"South Carolina",Weekly,"2021-01-04 00:00:00",Organic,1.210000000,30692.00,663.00,3292.00,52.00,22970.00,20316.00,1776.00,878.00,3716.00
"South Central",Weekly,"2021-01-24 00:00:00",Organic,1.030000000,337101.00,19182.00,9489.00,4466.00,147590.00,80061.00,67530.00,0.00,156373.00
"South Central",Weekly,"2021-01-17 00:00:00",Organic,1.240000000,263554.00,16368.00,3186.00,18304.00,150246.00,84661.00,65586.00,0.00,75451.00
"South Central",Weekly,"2021-01-10 00:00:00",Organic,1.070000000,362504.00,19854.00,11029.00,85275.00,153686.00,85171.00,68515.00,0.00,92661.00
"South Central",Weekly,"2021-01-04 00:00:00",Organic,1.140000000,214021.00,17847.00,1634.00,2649.00,129592.00,76984.00,52608.00,0.00,62299.00
Southeast,Weekly,"2021-01-24 00:00:00",Organic,1.140000000,197148.00,1638.00,8825.00,71.00,150799.00,114526.00,27083.00,9190.00,35815.00
Southeast,Weekly,"2021-01-17 00:00:00",Organic,1.180000000,206488.00,1477.00,8294.00,68.00,164139.00,120121.00,25923.00,18095.00,32510.00
Southeast,Weekly,"2021-01-10 00:00:00",Organic,1.130000000,204430.00,1797.00,9370.00,75.00,161652.00,120813.00,23759.00,17080.00,31535.00
Southeast,Weekly,"2021-01-04 00:00:00",Organic,1.080000000,183873.00,1638.00,9355.00,50.00,143151.00,108782.00,19844.00,14525.00,29679.00
Spokane,Weekly,"2021-01-24 00:00:00",Organic,1.460000000,8803.00,202.00,857.00,0.00,3629.00,1030.00,2599.00,0.00,4115.00
Spokane,Weekly,"2021-01-17 00:00:00",Organic,1.500000000,8903.00,138.00,884.00,0.00,3431.00,1020.00,2411.00,0.00,4450.00
Spokane,Weekly,"2021-01-10 00:00:00",Organic,1.510000000,10121.00,171.00,1383.00,0.00,3511.00,1057.00,2454.00,0.00,5057.00
Spokane,Weekly,"2021-01-04 00:00:00",Organic,1.440000000,8914.00,81.00,985.00,0.00,3098.00,1058.00,2040.00,0.00,4750.00
"St. Louis",Weekly,"2021-01-24 00:00:00",Organic,1.780000000,7663.00,728.00,1136.00,0.00,4052.00,4052.00,0.00,0.00,1748.00
"St. Louis",Weekly,"2021-01-17 00:00:00",Organic,1.710000000,7872.00,956.00,1267.00,0.00,4250.00,4250.00,0.00,0.00,1399.00
"St. Louis",Weekly,"2021-01-10 00:00:00",Organic,1.810000000,7054.00,869.00,1068.00,0.00,3442.00,3442.00,0.00,0.00,1675.00
"St. Louis",Weekly,"2021-01-04 00:00:00",Organic,1.800000000,6997.00,898.00,1102.00,0.00,3315.00,3315.00,0.00,0.00,1682.00
Syracuse,Weekly,"2021-01-24 00:00:00",Organic,1.390000000,5183.00,355.00,100.00,0.00,4649.00,4220.00,429.00,0.00,79.00
Syracuse,Weekly,"2021-01-17 00:00:00",Organic,1.440000000,5569.00,286.00,154.00,0.00,4984.00,4596.00,388.00,0.00,146.00
Syracuse,Weekly,"2021-01-10 00:00:00",Organic,1.390000000,7146.00,338.00,176.00,0.00,6507.00,6102.00,404.00,0.00,124.00
Syracuse,Weekly,"2021-01-04 00:00:00",Organic,1.400000000,3951.00,265.00,161.00,0.00,3450.00,3096.00,354.00,0.00,75.00
Tampa,Weekly,"2021-01-24 00:00:00",Organic,0.920000000,16805.00,176.00,0.00,0.00,16628.00,16628.00,0.00,0.00,0.00
Tampa,Weekly,"2021-01-17 00:00:00",Organic,0.920000000,17587.00,122.00,0.00,0.00,17465.00,17465.00,0.00,0.00,0.00
Tampa,Weekly,"2021-01-10 00:00:00",Organic,0.900000000,17654.00,111.00,0.00,0.00,17543.00,17539.00,3.00,0.00,0.00
Tampa,Weekly,"2021-01-04 00:00:00",Organic,0.880000000,16434.00,128.00,0.00,0.00,16306.00,16306.00,0.00,0.00,0.00
"Total U.S.",Weekly,"2021-01-24 00:00:00",Organic,1.330000000,2521304.00,102266.00,155918.00,6069.00,1535483.00,1105120.00,404877.00,25486.00,721568.00
"Total U.S.",Weekly,"2021-01-17 00:00:00",Organic,1.390000000,2440237.00,114849.00,157575.00,22490.00,1463853.00,1051558.00,378401.00,33895.00,681469.00
"Total U.S.",Weekly,"2021-01-10 00:00:00",Organic,1.310000000,2641720.00,100357.00,164498.00,107010.00,1606969.00,1145421.00,429380.00,32168.00,662887.00
"Total U.S.",Weekly,"2021-01-04 00:00:00",Organic,1.290000000,2224399.00,90895.00,182971.00,3877.00,1305915.00,903320.00,376239.00,26355.00,640741.00
West,Weekly,"2021-01-24 00:00:00",Organic,1.360000000,442117.00,17900.00,36429.00,1314.00,170847.00,72387.00,98460.00,0.00,215628.00
West,Weekly,"2021-01-17 00:00:00",Organic,1.370000000,465675.00,20776.00,44625.00,3910.00,172910.00,83266.00,89644.00,0.00,223454.00
West,Weekly,"2021-01-10 00:00:00",Organic,1.320000000,488907.00,22236.00,48278.00,21374.00,174212.00,82613.00,91599.00,0.00,222807.00
West,Weekly,"2021-01-04 00:00:00",Organic,1.280000000,470071.00,19637.00,60289.00,969.00,154520.00,78408.00,76112.00,0.00,234656.00
"West Tex/New Mexico",Weekly,"2021-01-24 00:00:00",Organic,1.380000000,28258.00,750.00,689.00,3163.00,12845.00,9943.00,2902.00,0.00,10810.00
"West Tex/New Mexico",Weekly,"2021-01-17 00:00:00",Organic,1.380000000,53780.00,1796.00,1658.00,10501.00,23760.00,20286.00,3475.00,0.00,16064.00
"West Tex/New Mexico",Weekly,"2021-01-10 00:00:00",Organic,0.980000000,114338.00,1219.00,7524.00,53394.00,16838.00,14003.00,2835.00,0.00,35362.00
"West Tex/New Mexico",Weekly,"2021-01-04 00:00:00",Organic,1.130000000,34604.00,878.00,670.00,2174.00,20008.00,17859.00,2149.00,0.00,10875.00
